id,anime,author,review
 "t001", "Kill Ao", "spicarie", "Here's my quick review on why it's so good: The plot is hilarious: A literal legendary hitman getting turned back into a middle schooler?
                The setup is pure gold. The comedy hits so hard, I was actually dying laughing the whole time.
                Immaculate vibes & animation: The overall vibe is just chef's kiss. The action scenes are insanely smooth, and the animation is absolutely top-tier.
                Crazy good VFX & SFX: The visual and sound effects are so crisp! Every punch and action shot feels super satisfying and impactful.
                No-skip music: Don't even get me started on the soundtrack. The OP and ED are absolute bops, I literally never skipped them once.

                Tbh, it’s just a really, really solid series all around. It balances the flashy hitman action and the goofy middle school stuff perfectly without trying too hard. If you need a fun, fast-paced show to binge, I 9/10 recommend watching it rn. Seriously, go add it to your watchlist!"
 "t002", "Kill Ao", "ni_ck29", "I would have never expected to find this anime, came across on youtube and holy, it's so good. The animation, effects are smooth af. The first episode's first few scenes itself got me hooked. But it's the opening song which made me stay.
                The opening is a banger, i instantly fell in love with it, I don't know Korean, ni hao? I have no clue but the voice and sound effects in the op is so peak. Binge listening to it for past few days.

                This show is a must watch, it gives you vibes of spy x family, but it's unique. You might not like the school troupe and the situation the MC is in, but it's worth the try. The school troupe actually is fun in this show.

                Listen to the OP, i think it's called Attitude by Aespa."
 "t003", "Kill Ai", "Turtezin", "Story
                The concept of an adult hitman trapped in a kid's body isn't a crazy new idea, but it still feels relatively fresh here and has some genuinely good moments. That being said, for a show with a comedy tag, the humor is incredibly low-effort and repetitive. I was honestly confused by how many "jokes" there were about women's equal rights and gender roles. We get a reminder every five minutes that "women can do XYZ too." At some point, you have to ask: why is this a running gag? The MC is a 39-year-old from the modern era, not some time-traveler reincarnated from the 19th century. The show spams this exact same "joke" so much that I had to check if I was watching a Netflix production or if the author just couldn't think of any other punchlines. Aside from that weird fixation, the rest of the story is actually fine.

                Visuals
                Going by the premise, you might expect your typical low-budget "seasonal slop," but the production quality is actually a pleasant surprise. The animation is solid, and there is a good amount of detail and varied scene composition. It isn't a breathtaking masterpiece, but it is surprisingly well-made and definitely above average for this type of show.

                Conclusion
                Is it worth watching? Because it leans so heavily into being a comedy, we probably aren't going to get any serious or deep plot development. The fact that the show is already reusing the exact same lazy joke ten times in just three episodes makes me worry that the humor has already run dry. However, if you can look past the repetitive gags, it still might turn out to be a decent watch."
 "t004", "Kill Ao", "Kachetofes", "In a cringe industry the cringe assassin setting reigns supreme. While I remember how exciting it was to watch shounen as a kid, at my current age I struggle to force down any action centric manga, not to mention the absolute edgelord cringebeast of a subgenre assassins tends to lend to.
                The reason that Kill Blue isn’t automatically trash like the rest of the subgenre, is the same reason “Yakuza-psychich” isn’t trash. They actually explore the consequences of a body swap. I find it utterly asinine that with so much reincarnation/body swapping tropes flying around, the discontinuities between the different lives of the reincarnator and the host are never REALLY explored. Suddenly the plot wand is waved and the author has permanently moved on to things he really cares about like his shameless self insertion fetish.
                Here as well, The Old man of the Mountain’s legendary occupation is done dirty by unrealistic and cringey personalities and tropes, enough to possibly spur an actual hired killer to want to kill himself if he had to sit through it. Personally, I tend to skip most fighting scenes anyway so it’s not much of an issue.
                What made this all palatable however, was how our MC Oogami kept being an old man on the inside, and based his outlook and relations as such. I feel emotional maturity from an author who writes our MC as an old rugged man in a boy's body attempting to reciprocate friendship and affection from his mentally younger peers in an adequate fashion.
                I enjoy a story with an unrealistic setting, where the author attempts to make every interaction realistic. Compared to a story where body swap dynamics are realistically portrayed, such as The Beginning before the end, it doesn’t get close. But as the saying goes in Spanish, “algo es algo, dijo un calvo”."
 "t005", "NieR: Automata Ver1.1a", "osricen", ""NieR:Automata Ver1.1a" is not bad, just DISAPPOINTING. I'm a huge fan of the "NieR" universe and this show made me feel LOST too many times (and not in the good way...) There were some episodes that did GREAT things with the lore (spoiler alert: A2's "origin" and those promising glimpses of Replicant) and THAT IS what this show should've been: a COMPLEMENT to its source material, NOT an intent to tell its story in a WAY shorter and less complex form of media. "Is this for newcomers or veterans?" I wonder, because I can't see myself feeling satisfied as any of them. Art and animation are average at best, with a couple moments of brilliancy, but too many of mediocrity (also, those gratuitous butt-shots of 2B are cringy to say the least). The OP song by Aimer is horrendous (and I love Aimer), but at least Amazarashi's ED one doesn't feel that off. Not a negative word for the rest of the OST, though (and voice acting), as it's taken straight from the video game... but sadly misused more than once. In short: this show could've been REALLY "something" if CHANGES were for the sake of a new experience and not for an "easy way out" (and if its overall quality was WAY better). As it is, I can't honestly recommend "Ver1.1a". Want "NieR"? Play the games. That, you won't ever regret."
 "t006", "NieR: Automata Ver1.1a", "Speytex", "Automata is absolute peak, but just like the game, the anime is plagued by technical limitations. The animation is kept minimal, and the use of CGI is criminal. It also differs from the game at times for meaningless reasons. The quest-giver android from the resistance camp didn't need a full-on episode dedicated to her past. The fights are also so damn short to the point where it feels like someone has cut all the cutscenes together from the game and skipped all gameplay. I know NIER was more of a narrative-driven game, but some action would have been nice too. Nier is really interesting since it discusses the meaning(les) of life, and the anime does a decent job of conveying this message, but even if you aren't into videogames, you should still just play the game instead. Pacing is really important, and I feel like this is a bit rushed for what it is trying to convey. I highly recommend that you also play all the sidequests since they often touch on the topic and give you more food for thought, and these sidequests aren't brought up in the anime in the slightest, which is a shame. TDLR: needed more of 2Bs ass/10"
 "t007", ""
 
